Financial,Data,,

ROI,"0.17",,

Total cost,20384,,

Annual savings,23920,,"ROI 17% — for every €1 invested, €0.17 is recovered."

Total benefit,3536,,



Operations / Year,Operational Data,,

Hours saved,560,,

Number of error-free queries with AI,7680,,

Queries with AI,9600,,

Number of errors avoided with AI,128,,



Adoption,Adoption Data,,

Active employees,80,,

Adoption rate (%),40,,

Recurring usage (users ≥ X queries/month),20,,

Compliance incidents / year,192,,



Risk and Compliance,Risk Data,,

Compliance with internal policies (%),98,,

Bias detected / year,144,,

Explainability level (score or %),70,,

Auditable interactions / year,98,,


Input,Values,Description,Clear Concept

Previous tools cost (€),10000,Annual cost of discontinued tools,Savings generated by removing software or services that are no longer needed thanks to AI implementation

Current cost per error (€),30,Cost of correcting an internal error,"Cost of resolving a failure generated in a manual process: employee time, operational impact, and possible delays"

Total employees,200,Total number of company employees,

Hourly cost (€),18,Average labor cost per employee hour,Average hourly employee cost based on a gross annual salary of approximately €31,500 / 1,750 h

Average query time / month,5,Average employee minutes per query,Average time an employee takes to handle or resolve a query without AI assistance

Number of queries per employee / month,20,Queries per employee per month,Average number of queries handled by an employee in one month



Manual error rate / year,2,Errors in queries per employee per year,Percentage of queries performed incorrectly in a year compared to total activities carried out

Average hours on queries / month,2,Average hours spent resolving queries,Average monthly time dedicated to handling queries by each employee

Total query time / month,333,Total monthly hours spent on queries,

Query labor cost / month,6000,Monthly cost of time spent on queries,



AI adoption rate (%),40,Internal adoption level in percentage,Percentage of people who consistently use AI

Processes handled through AI (%),50,Actual automation level in percentage,Percentage of employee processes managed through AI

Error reduction rate with AI (%),80,Percentage of errors avoided per year using AI,Percentage of errors eliminated thanks to AI usage

Annual AI system cost (€),150,Annual license cost per employee,

AI implementation cost (€),6000,Initial system cost,"Investment in the AI solution, including installation, configuration, training, and any deployment-related expenses"

AI operating cost (€),2000,Management and maintenance cost,"Cost of managing the system, including monitoring, support, adjustments, and administration"

Cost per query resolved with AI (€),0,Cost per query processed by AI,Average cost associated with a query being handled by the AI solution



Employees using AI,80,Number of employees adopting AI,

Total annual AI system cost (€),12000,Total annual licensing cost,"Annual cost of keeping the AI solution active, including licenses, maintenance, technical support, and updates"

Number of queries per employee using AI / month,10,Queries resolved through AI,

Total queries using AI / month,800,Total number of queries from employees adopting AI,

Number of queries with errors avoided / year,2,Queries resolved error-free per employee using AI,



Time reduction rate with AI (%),70,Percentage of time reduced per query using AI,Measures how much time is reduced when AI is involved in resolving a query

Average AI response time,1,Average minutes required for AI to analyze and answer queries,

Query resolution time reduction using AI,4,Average minutes saved per query,Average reduction in employee time needed to resolve a query with AI

Total automated response time / month,6,Response time in minutes through automation,

Average time saved through automations / month,44,Average minutes saved per automation,



Response traceability (%),85,Traceable data for every interaction generated by AI,"Percentage of AI-generated data that can be traced. Key for audits, quality, and compliance"

Explainability (%),70,AI justification of a response,Percentage of justification behind a response. Increases user trust and reduces risks in regulated sectors

Bias detected / month,12,Presence of bias in AI responses,"Number of times the system generates responses showing discrimination, partiality, or undesired patterns"

Compliance incidents / month,16,"AI breaches internal policies, regulations, or legal requirements",Records any interaction that may represent a legal or compliance risk. A critical indicator for regulated companies

Auditable logs (%),95,Availability of complete and verifiable records,"Percentage of data for which the system keeps a clear, exportable, and reviewable history of every action"



Concept,Formula,,

Annual efficiency savings,10080,,

Operational error savings,3840,,

Savings from discontinued tools,10000,,

Total_benefit,3536,,

AI system Total_cost (1st year),20384,,

AI system Total_cost (2nd year),14384,,

ROI (1st year),"0.17",,

ROI (2nd year),"0.25",,

"ROI 17% — for every €1 invested, €0.17 is recovered.",,,


Concept,Formula,,

Number of employees adopting AI,80,,

Current queries / year,19200,,

Queries with AI / year,9600,,

Error-free queries with AI / year,7680,,

Current query hours / year,800,,

Hours saved from queries / year,560,,

Total errors per year,160,,

Errors avoided using AI,128,,



Risk and Compliance,Formula,,

Auditable interactions,9120,,

Compliance incidents / year,192,,

Monthly bias detected,144,,

Explainability level (%),70,,

Compliance with internal policies (%),98,,