Economics,Data,,
ROI ,"0,17",,
Total Cost,20384,,
Annual Savings,23920,,
Total Benefit,3536,,
,,"ROI 17% — Return per €1 invested 0,17 €.",
Operatives / year,Operative Data,,
Saving Hours,560,,
Number of error-free queries with AI,7680,,
Queries handled with AI,9600,,
Number of errors prevented by AI,128,,
,,,
Adoption,Adoption Data,,
Active employees,80,,
Adoption rate (%),40,,
Recurring usage (users ≥ X queries/month),20,,
Compliance incidents per year,192,,
,,,
Risk and Compliance,Risk Data,,
Internal policy compliance (%),98,,
Detected bias per year,144,,
Explainability level (score or %),70,,
Auditable interactions per year,98,,
,,,
,,,
,,,
,,,
Input,Values,Description,Clear concept
Previous tools cost (€),10000,Annual cost of eliminated tools,Savings generated by retiring software or services that are no longer necessary due to AI implementation
Current cost per error (€),30,Cost of correcting an internal error,"Cost of resolving an error generated in a manual process, including employee time, operational impact, and potential delays"
Total employees,200,Total number of employees in the company,
Hourly cost (€),18,Average labor cost per employee per hour,"Average hourly employee cost based on a gross annual salary of approximately €31,500 / 1,750 hours"
Average number of queries per month,5,Average employee time per query (minutes),Average time an employee takes to handle or resolve a query without AI assistance
Number of queries per employee per month,20,Queries per employee per month,Average number of queries handled by each employee per month
,,,
Manual error rate per year,2,Query errors per employee per year,Percentage of queries performed incorrectly by an employee in a year compared to the total activities executed
Average hours spent on queries per month,2,Average hours dedicated to query resolution,Average monthly minutes spent handling queries per employee
Total query time per month,333,Total monthly hours spent on queries,
Query labor cost per month,6000,Monthly query-related labor cost,
,,,
AI adoption rate (%),40,Internal adoption rate (%),Percentage of employees who consistently use AI
Processes handled through AI (%),50,Actual automation rate (%),Percentage of employee processes managed by AI among those who have adopted it
Error reduction rate with AI (%),80,Percentage of errors prevented annually using AI,Percentage of errors eliminated thanks to AI usage
Annual AI system cost (€),150,Annual license cost per employee,
AI implementation cost (€),6000,Initial system cost,"Investment in the AI solution, including installation, configuration, training, and any costs associated with initial deployment"
AI operating cost (€),2000,Management and maintenance cost,"Cost of managing the AI system, including monitoring, support, adjustments, and administration"
Cost per query resolved with AI (€),0,Cost per query processed with AI,Average cost associated with a query being handled through the AI solution
,,,
Employees using AI,80,Number of employees adopting AI,
Total annual AI system cost (€),12000,Total annual licensing cost,"Annual cost of keeping the AI solution operational, including licenses, maintenance, technical support, and updates"
Number of queries per employee using AI per month,10,Queries resolved through AI,
Total number of queries handled with AI per month,800,Total number of queries from employees adopting AI,
Number of queries with errors prevented per year,2,Queries resolved error-free per employee using AI,
,,,
Time reduction rate using AI (%),70,Percentage of time reduced per query using AI,Measures the reduction in time required to resolve a query when AI is involved
Average AI response time,1,Average minutes for AI to analyze and respond to queries,
Query handling time reduction with AI,4,Average reduction in employee time per query,Average reduction in the time an employee needs to resolve a query when using AI
Total automated response time per month,6,Automated response time (minutes),
Average time saved through automation per month,44,Average minutes saved through automation,
,,,
Response traceability (%),85,Traceable data for every AI-generated interaction,"Percentage of traceable data generated by AI, critical for audits, quality assurance, and compliance"
Explainability (%),70,AI justification for a response,"Percentage of response justification, increasing user trust and reducing risk in regulated sectors"
Detected bias per month,12,Presence of bias in AI responses,"Number of times the system generates responses that exhibit discrimination, bias, or other undesirable patterns"
Compliance incidents per month,16,"AI non-compliance with internal policies, regulations, or legal requirements",Records any interaction that may pose a legal or compliance risk; a critical indicator for regulated organizations
Auditable logs (%),95,Availability of complete and verifiable records,"Percentage of data for which the system maintains a clear, exportable, and reviewable history of every action."
,,,
,,,
,,,
,,,
,,,
Concept,Formula,,
Annual efficiency savings,10080,,
Savings from avoided operational errors,3840,,
Savings from eliminated tools,10000,,
Total benefit,3536,,
Total AI system cost (Year 1),20384,,
Total AI system cost (Year 2),14384,,
ROI (Year 1),"0,17",,
ROI (Year 2),"0,25",,
,,,
,,,
,,,
Adoption,Formula,,
Number of employees adopting AI,80,,
Current number of queries per year,19200,,
AI-assisted queries per year,9600,,
Error-free queries resolved with AI per year,7680,,
Current query hours per year,800,,
Hours saved through AI-assisted queries per year,560,,
Total errors per year,160,,
Errors avoided by using AI,128,,
,,,
,,,
Risk and Compliance,Formula,,
Auditable interactions,9120,,
Compliance incidents per year,192,,
Detected bias per month,144,,
Explainability level (%),70,,
Internal policy compliance (%),98,,